<?xml version="1.0" encoding="utf-8" ?> <languages>
  <language name="suomi" id="fi">
      <changelog>
        <activitytypes>
            <changeapproval>
                <approve>Hyväksy</approve>
                <approvestep>Hyväksy vaihe</approvestep>
                <description>Muuta hyväksyntää</description>
                <reject>Hylkää</reject>
                <rejectstep>Hylkää vaihe</rejectstep>
            </changeapproval>
        </activitytypes>
    </changelog>
    <episerver>
      <changeapproval>
        <uinotification>
          <contentdeleted>Tämän ilmoituksen sisältö on poistettu</contentdeleted>
          <stepcountoftotalsteps>Vaihe {0}/{1}</stepcountoftotalsteps>
          <requestedby>Pyytänyt: {0}</requestedby>
          <donothaveaccessright>{0} suoritti toiminnon kohteessa, jota sinulla ei ole oikeutta tarkastella.</donothaveaccessright>
        </uinotification>
          <inreviewmessagebar>
              <securitysettingcommand>Tämän sisällön muuttuneet käyttö oikeudet ovat tarkistettaessa. Muutoksia ei voi tehdä, ennen kuin ne on joko hyväksytty tai hylätty.</securitysettingcommand>
              <languagesettingcommand>Tämän sisällön muuttuneet käyttöoikeudet ovat tarkistettavana. Muutoksia ei voi tehdä, ennen kuin ne on joko hyväksytty tai hylätty.</languagesettingcommand>
              <movingcontentcommand>Tämä sisällön hierarkkiset asetukset ovat tarkistettavana. Muutoksia ei voi tehdä, ennen kuin ne on joko hyväksytty tai hylätty.</movingcontentcommand>
              <expirationdatesettingcommand>Tämä sisällön hierarkkiset asetukset ovat {language} tarkistettavana. Muutoksia ei voi tehdä, ennen kuin ne on joko hyväksytty tai hylätty.</expirationdatesettingcommand>
          </inreviewmessagebar>
        <decision>
          <approved>hyväksytty</approved>
          <declined>kielletty</declined>
        </decision>
        <errormessage>
          <approvalcommandnotfound>Komentoa ei löytynyt.</approvalcommandnotfound>
          <approvalhaschangedstatus>Tämä hyväksyntä ei ole enää tarkistettavana. Lataa sivu uudelleen.</approvalhaschangedstatus>
          <approvalcommandinvalid>Tämä komento ei ole käytettävissä hyväksyttäväksi.</approvalcommandinvalid>
          <approvalcommentrequired>Hyväksymisjakso vaatii kommentin.</approvalcommentrequired>
          <nochangeapprovalfound>Tälle sisällölle ei löytynyt käynnissä olevaa tarkistusta.</nochangeapprovalfound>
        </errormessage>
        <command>
          <approvechanges>
            <label>Hyväksy muutokset</label>
            <title>Hyväksy muutokset</title>
            <placeholder>Perustele, miksi hyväksyt muutokset...</placeholder>
            <confirmactiontext>Hyväksy muutokset</confirmactiontext>
          </approvechanges>
          <rejectchanges>
            <label>Hylkää muutokset</label>
            <title>Hylkää muutokset</title>
            <placeholder>Perustele, miksi hylkäät muutokset...</placeholder>
            <confirmactiontext>Hylkää muutokset</confirmactiontext>
          </rejectchanges>
          <forcecomplete>
            <label>Hyväksy koko hyväksymisjakso</label>
            <title>Hyväksy koko hyväksymisjakso</title>
            <description>Haluatko varmasti hyväksyä koko hyväksymisjakson? Tämä hyväksyy kaikki jäljellä olevat vaiheet. Tätä toimenpidettä ei voi peruuttaa.</description>
            <placeholder>Määritä, miksi pakotat muutosten hyväksynnän...</placeholder>
            <confirmactiontext>Hyväksy jaksot</confirmactiontext>
          </forcecomplete>
          <cancel>
            <label>Peruuta tarkistuspyyntö</label>
          </cancel>
        </command>
        <accesslevels>
          <NoAccess>Ei käyttöoikeutta</NoAccess>
          <Read>Lue</Read>
          <Create>Luo</Create>
          <Edit>Muuta</Edit>
          <Delete>Poista</Delete>
          <Publish>Julkaise</Publish>
          <Administer>Hallitse</Administer>
          <FullAccess>Täydellinen käyttöoikeus</FullAccess>
          <Undefined>Määrittämätön</Undefined>
        </accesslevels>
        <changeapprovalcomponent>
          <title>Muuta hyväksyntää</title>
          <description>Näytä hyväksyttävien komentojen luettelo.</description>
        </changeapprovalcomponent>
        <approvalcommandview>
          <description>Komennon yksityiskohtaiset tiedot.</description>
          <changeapproval>Muuta hyväksyntää</changeapproval>
          <close>Sulje</close>
          <donothaveaccessright>Käyttöoikeutesi eivät riitä sisällön tarkasteluun.</donothaveaccessright>
          <status>
            <accepted>Muutokset hyväksyttiin</accepted>
            <declined>Muutokset hylättiin</declined>
            <canceled>Muutokset peruutettiin</canceled>
            <pending>tarkistettavana</pending>
            <awaitingapproval>Odotetaan tarkistustasi</awaitingapproval>
          </status>
          <titles>
            <security>Tietoturvan muutos</security>
            <language>Kieliasetusten muutos</language>
            <moving>Sisällön hierarkkinen muutos</moving>
            <expirationdate>Erääntymisajan muutos</expirationdate>
          </titles>
          <approvalmenu>
            <label>
              <option>Vaihtoehdot</option>
              <approve>Hyväksy?</approve>
            </label>
            <approvalinfo>
              <approvalmissing>Hyväksymisjaksossa tapahtui virhe. Keskeytä se ja yritä uudelleen tai ota yhteyttä järjestelmänvalvojaan.</approvalmissing>
              <invalidcommanddata>Hyväksymisjaksossa tapahtui virhe. Peruuta se ja yritä uudelleen tai ota yhteyttä järjestelmänvalvojaan.</invalidcommanddata>
              <requestedby>Pyytänyt: {username}, {time}</requestedby>
              <stepinfo>Tällä hetkellä vaiheessa {activeStepIndex}/{totalsteps}</stepinfo>
              <timepassed>Tarkistettavana kohteelle: &lt;br/&gt; &lt;strong&gt;{timepassed}&lt;/strong&gt;</timepassed>
            </approvalinfo>
            <acceptedapproval>{username},&lt;br/&gt; {time} hyväksyi muutokset</acceptedapproval>
            <rejectedapproval>{username},&lt;br/&gt; {time} hylkäsi muutokset</rejectedapproval>
            <lastchangestatus>Viimeksi muutettu{username},&lt;br/&gt;{timepassed} sitten.</lastchangestatus>
          </approvalmenu>
        </approvalcommandview>
        <languagesettingcommand>
          <yes>Kyllä</yes>
          <no>Ei</no>
          <none>Ei mitään</none>
          <inheritsettingsfromtheparentpage>Peri asetukset pääsivulta</inheritsettingsfromtheparentpage>
          <availablelanguages>Käytettävissä olevat kielet</availablelanguages>
          <fallbacklanguages>Varakielet</fallbacklanguages>
          <replacementlanguages>Korvaavat kielet</replacementlanguages>
          <notificationmessage>
            <started>Kieliasetuksiin tehdyt muutokset odottavat tarkistusta</started>
            <approved>Pyyntö muuttaa kieliasetuksia on hyväksytty</approved>
            <rejected>Kieliasetusten muutoksen pyynnön hylännyt {0}</rejected>
            <canceled>Tarkistuspyynnön peruuttanut: {0}</canceled>
            <forced>{0} on hyväksynyt koko hyväksymisjakson</forced>
            <aborted see="/episerver/changeapproval/languagesettingcommand/notificationmessage/canceled"/>
        </notificationmessage>
        </languagesettingcommand>
        <securitysettingcommand>
          <yes>Kyllä</yes>
          <no>Ei</no>
          <inheritsettingsfromtheparentpage>Peri asetukset</inheritsettingsfromtheparentpage>
          <accessrolecontrol>Käytön valvontaluettelo</accessrolecontrol>
          <applytosubitems>Sovelletaan kaikkiin alanimikkeisiin</applytosubitems>
          <notificationmessage>
            <started>Tietoturva-asetuksiin tehdyt muutokset odottavat tarkistusta</started>
            <approved>Pyyntö muuttaa tietoturva-asetuksia on hyväksytty</approved>
            <rejected>Tietoturva-asetusten muutoksen pyynnön hylännyt {0}</rejected>
            <canceled>Tarkistuspyynnön peruuttanut: {0}</canceled>
            <forced>{0} on hyväksynyt koko hyväksymisjakson</forced>
            <aborted see="/episerver/changeapproval/securitysettingcommand/notificationmessage/canceled"/>
          </notificationmessage>
        </securitysettingcommand>
        <expirationdatesettingcommand>
          <pagearchivelink>Arkistoi kohteeseen</pagearchivelink>
          <pagestoppublish>Päättymispäivämäärä</pagestoppublish>
          <notificationmessage>
            <started>Tietoturva-asetuksiin tehdyt muutokset odottavat tarkistusta</started>
            <approved>Pyyntö muuttaa tietoturva-asetuksia on hyväksytty</approved>
            <rejected>Pyyntö muuttaa erääntymisasetuksia on hyväksytty{0}</rejected>
            <canceled>Tarkistuspyynnön peruuttanut: {0}</canceled>
            <forced>{0} on hyväksynyt koko hyväksymisjakson</forced>
            <aborted see="/episerver/changeapproval/expirationdatesettingcommand/notificationmessage/canceled"/>
          </notificationmessage>
          <contentnotavailable>[sijainti ei ole enää saatavilla]</contentnotavailable>
        </expirationdatesettingcommand>
        <movingcontentcommand>
          <path>Polku</path>
          <notificationmessage>
            <started>Hierarkkinen muutos odottaa tarkasteluasi</started>
            <approved>Pyyntösi siirtää tämä kohde on hyväksytty</approved>
            <rejected>Pyyntösi siirtää tämä kohde on hylätty, hylkääjä {0}</rejected>
            <canceled>Tarkistuspyynnön peruuttanut: {0}</canceled>
            <forced>{0} on hyväksynyt koko hyväksymisjakson</forced>
            <aborted see="/episerver/changeapproval/movingcontentcommand/notificationmessage/canceled"/>
          </notificationmessage>
          <contentnotavailable>[sijainti ei ole enää saatavilla]</contentnotavailable>
        </movingcontentcommand>
        <gridcommanddetail>
          <column>
            <name>Nimi</name>
            <currentversion>Nykyinen versio</currentversion>
            <suggestedversion>Ehdotettu versio</suggestedversion>
          </column>
        </gridcommanddetail>
        <interceptui>
          <ongoingapprovalmessages>
            <security>Tämän sisällön muuttuneet käyttö oikeudet ovat tarkistettaessa. Muutoksia ei voi tehdä, ennen kuin ne on joko hyväksytty tai hylätty.</security>
            <language>Tämän sisällön muuttuneet käyttöoikeudet ovat tarkistettavana. Muutoksia ei voi tehdä, ennen kuin ne on joko hyväksytty tai hylätty.</language>
            <moving>Tämä sisällön hierarkkiset asetukset ovat tarkistettavana. Muutoksia ei voi tehdä, ennen kuin ne on joko hyväksytty tai hylätty.</moving>
            <expirationdate>Tämä sisällön erääntymisasetukset ovat tarkistettavana. Muutoksia ei voi tehdä, ennen kuin ne on joko hyväksytty tai hylätty.</expirationdate>
            <general>Tämän sisällön asetuksia on tällä hetkellä tarkistettavana. Uusia muutoksia ei voi tehdä, ennen kuin ne on joko hyväksytty tai hylätty.</general>
          </ongoingapprovalmessages>
          <languagewaitingforapproval>Kieliasetuksen hyväksyntä</languagewaitingforapproval>
          <securitywaitingforapproval>Tietoturva-asetuksen hyväksyntä</securitywaitingforapproval>
          <existingcommand>Tämän sisällön asetuksia on tällä hetkellä tarkistettavana. Uusia muutoksia ei voi tehdä, ennen kuin ne on joko hyväksytty tai hylätty.</existingcommand>
          <changedetaillink>Muuta tietoja</changedetaillink>
          <messagesentforreviewrequest>Tekemäsi muutokset on tallennettu ja lähetetty hyväksyttäväksi. Muutokset tulevat voimaan, kun ne on hyväksytty.</messagesentforreviewrequest>
          <movingcontent>
                <existingcommand>Tämän {0} asetuksia on tällä hetkellä tarkistettavana. Uusia muutoksia ei voi tehdä, ennen kuin ne on joko hyväksytty tai hylätty.</existingcommand>
                <messagesentforreviewrequest>Pyyntösi siirtää {0} uuteen hierarkiaan on tallennettu ja lähetetty hyväksyttäväksi. Muutokset tulevat voimaan, kun ne on hyväksytty.</messagesentforreviewrequest>
          </movingcontent>
        </interceptui>
      </changeapproval>
    </episerver>
  </language>
</languages>
