<?xml version="1.0" encoding="utf-8" ?> <languages>
  <language name="français" id="fr">
      <changelog>
        <activitytypes>
            <changeapproval>
                <approve>Approuver</approve>
                <approvestep>Étape approuver</approvestep>
                <description>Validation des modifications</description>
                <reject>Rejeter</reject>
                <rejectstep>Étape rejeter</rejectstep>
            </changeapproval>
        </activitytypes>
    </changelog>
    <episerver>
      <changeapproval>
        <uinotification>
          <contentdeleted>Le contenu de cette notification a été supprimé</contentdeleted>
          <stepcountoftotalsteps>Étape {0} sur {1}</stepcountoftotalsteps>
          <requestedby>Demandé par {0}</requestedby>
          <donothaveaccessright>{0} a exécuté une action sur un élément pour lequel vous n’avez pas de droits d’accès.</donothaveaccessright>
        </uinotification>
          <inreviewmessagebar>
              <securitysettingcommand>Les droits d'accès modifiés pour ce contenu sont en cours de revue. Les modifications ne peuvent pas être effectuées tant qu'elles ne sont pas approuvées ou rejetées.</securitysettingcommand>
              <languagesettingcommand>Les paramètres de langue modifiés pour ce contenu sont en cours de revue. Les modifications ne peuvent pas être effectuées tant qu'elles ne sont pas approuvées ou rejetées.</languagesettingcommand>
              <movingcontentcommand>Les paramètres de hiérarchie modifiés pour ce contenu sont en cours de revue. Les modifications ne peuvent pas être effectuées tant qu'elles ne sont pas approuvées ou rejetées.</movingcontentcommand>
              <expirationdatesettingcommand>Les paramètres d’expiration modifiés pour ce contenu dans {language} sont en cours de revue. Les modifications ne peuvent pas être effectuées tant qu'elles ne sont pas approuvées ou rejetées.</expirationdatesettingcommand>
          </inreviewmessagebar>
        <decision>
          <approved>approuvé</approved>
          <declined>rejeté</declined>
        </decision>
        <errormessage>
          <approvalcommandnotfound>Commande introuvable.</approvalcommandnotfound>
          <approvalhaschangedstatus>Cette validation n’est plus en cours de revue. Veuillez recharger la page.</approvalhaschangedstatus>
          <approvalcommandinvalid>Cette commande n'est pas disponible pour validation.</approvalcommandinvalid>
          <approvalcommentrequired>La séquence de validation nécessite un commentaire.</approvalcommentrequired>
          <nochangeapprovalfound>Aucune revue en cours trouvée pour ce contenu.</nochangeapprovalfound>
        </errormessage>
        <command>
          <approvechanges>
            <label>Valider les modifications</label>
            <title>Valider les modifications</title>
            <placeholder>Veuillez justifier pourquoi vous approuvez les modifications…</placeholder>
            <confirmactiontext>Valider les modifications</confirmactiontext>
          </approvechanges>
          <rejectchanges>
            <label>Rejeter les modifications</label>
            <title>Rejeter les modifications</title>
            <placeholder>Veuillez justifier pourquoi vous rejetez les modifications…</placeholder>
            <confirmactiontext>Rejeter les modifications</confirmactiontext>
          </rejectchanges>
          <forcecomplete>
            <label>Valider toute la Séquence de validation</label>
            <title>Valider toute la Séquence de validation</title>
            <description>Voulez-vous vraiment approuver l’intégralité de la séquence de validation ? Cette action entraînera l’approbation de toutes les étapes restantes. Cette action ne peut pas être annulée.</description>
            <placeholder>Veuillez indiquer pourquoi vous forcez la validation des modifications…</placeholder>
            <confirmactiontext>Approuver les séquences</confirmactiontext>
          </forcecomplete>
          <cancel>
            <label>Annuler la demande de revue</label>
          </cancel>
        </command>
        <accesslevels>
          <NoAccess>Pas d'accès</NoAccess>
          <Read>Lire</Read>
          <Create>Créer</Create>
          <Edit>Modifier</Edit>
          <Delete>Supprimer</Delete>
          <Publish>Publier</Publish>
          <Administer>Administrer</Administer>
          <FullAccess>Accès total</FullAccess>
          <Undefined>Non défini</Undefined>
        </accesslevels>
        <changeapprovalcomponent>
          <title>Validation des modifications</title>
          <description>L'affichage de la liste des commandes doit être approuvé.</description>
        </changeapprovalcomponent>
        <approvalcommandview>
          <description>Informations détaillées de la commande.</description>
          <changeapproval>Validation des modifications</changeapproval>
          <close>Fermer</close>
          <donothaveaccessright>Vous ne disposez pas des droits d'accès suffisants pour consulter ce contenu.</donothaveaccessright>
          <status>
            <accepted>Les modifications ont été approuvées</accepted>
            <declined>Les modifications ont été rejetées</declined>
            <canceled>Les modifications ont été annulées</canceled>
            <pending>En cours de revue</pending>
            <awaitingapproval>En attente de votre revue</awaitingapproval>
          </status>
          <titles>
            <security>Modification de sécurité</security>
            <language>Modification des paramètres de langue</language>
            <moving>Modification du contenu hiérarchique</moving>
            <expirationdate>Modification d'expiration</expirationdate>
          </titles>
          <approvalmenu>
            <label>
              <option>Options</option>
              <approve>Valider ?</approve>
            </label>
            <approvalinfo>
              <approvalmissing>Une erreur s’est produite lors de la séquence de validation. Veuillez l’interrompre et réessayer, ou contacter un administrateur.</approvalmissing>
              <invalidcommanddata>Une erreur s’est produite lors de la séquence de validation. Veuillez l’interrompre ou la rejeter et ressayer, ou contacter un administrateur.</invalidcommanddata>
              <requestedby>Demandé par {username},{time}</requestedby>
              <stepinfo>Actuellement à l’étape {activeStepIndex} sur {totalsteps}</stepinfo>
              <timepassed>En cours de revue pour : &lt;br/&gt; &lt;strong&gt;{timepassed}&lt;/strong&gt;</timepassed>
            </approvalinfo>
            <acceptedapproval>Modifications approuvées par {username},&lt;br/&gt;, {time}</acceptedapproval>
            <rejectedapproval>Modifications rejetées par {username},&lt;br/&gt;{time}</rejectedapproval>
            <lastchangestatus>Dernière modification effectuée il y a {username},&lt;br/&gt;{timepassed}.</lastchangestatus>
          </approvalmenu>
        </approvalcommandview>
        <languagesettingcommand>
          <yes>Oui</yes>
          <no>Non</no>
          <none>Aucune</none>
          <inheritsettingsfromtheparentpage>Hériter des paramètres de la page parente</inheritsettingsfromtheparentpage>
          <availablelanguages>Langues disponibles</availablelanguages>
          <fallbacklanguages>Langues de secours</fallbacklanguages>
          <replacementlanguages>Langues de remplacement</replacementlanguages>
          <notificationmessage>
            <started>Les modifications apportées aux paramètres des langues attendent votre revue</started>
            <approved>Votre demande de modification des paramètres des langues a été approuvée</approved>
            <rejected>Votre demande de modification des paramètres des langues a été rejetée par {0}</rejected>
            <canceled>La demande de revue a été annulée par {0}</canceled>
            <forced>L’intégralité de la séquence de validation a été approuvée par {0}</forced>
            <aborted see="/episerver/changeapproval/languagesettingcommand/notificationmessage/canceled"/>
        </notificationmessage>
        </languagesettingcommand>
        <securitysettingcommand>
          <yes>Oui</yes>
          <no>Non</no>
          <inheritsettingsfromtheparentpage>Hériter paramètres</inheritsettingsfromtheparentpage>
          <accessrolecontrol>Liste de contrôle d'accès</accessrolecontrol>
          <applytosubitems>Appliqué à tous les sous-éléments</applytosubitems>
          <notificationmessage>
            <started>Les modifications apportées aux paramètres de sécurité attendent votre revue</started>
            <approved>Votre demande de modification des paramètres de sécurité a été approuvée</approved>
            <rejected>Votre demande de modification des paramètres de sécurité a été rejetée par {0}</rejected>
            <canceled>La demande de revue a été annulée par {0}</canceled>
            <forced>L’intégralité de la séquence de validation a été approuvée par {0}</forced>
            <aborted see="/episerver/changeapproval/securitysettingcommand/notificationmessage/canceled"/>
          </notificationmessage>
        </securitysettingcommand>
        <expirationdatesettingcommand>
          <pagearchivelink>Archiver vers</pagearchivelink>
          <pagestoppublish>Date de fin</pagestoppublish>
          <notificationmessage>
            <started>Les modifications apportées aux paramètres d’expiration attendent votre revue</started>
            <approved>Votre demande de modification des paramètres d’expiration a été approuvée</approved>
            <rejected>Votre demande de modification des paramètres d’expiration a été rejetée par {0}</rejected>
            <canceled>La demande de revue a été annulée par {0}</canceled>
            <forced>L’intégralité de la séquence de validation a été approuvée par {0}</forced>
            <aborted see="/episerver/changeapproval/expirationdatesettingcommand/notificationmessage/canceled"/>
          </notificationmessage>
          <contentnotavailable>[L'emplacement n'est plus disponible]</contentnotavailable>
        </expirationdatesettingcommand>
        <movingcontentcommand>
          <path>Chemin</path>
          <notificationmessage>
            <started>Une modification hiérarchique est en attente de votre revue</started>
            <approved>Votre demande de déplacement de cet élément a été approuvée</approved>
            <rejected>Votre demande de déplacement de cet élément a été rejetée par {0}</rejected>
            <canceled>La demande de revue a été annulée par {0}</canceled>
            <forced>L’intégralité de la séquence de validation a été approuvée par {0}</forced>
            <aborted see="/episerver/changeapproval/movingcontentcommand/notificationmessage/canceled"/>
          </notificationmessage>
          <contentnotavailable>[L'emplacement n'est plus disponible]</contentnotavailable>
        </movingcontentcommand>
        <gridcommanddetail>
          <column>
            <name>Nom</name>
            <currentversion>Version actuelle</currentversion>
            <suggestedversion>Version suggérée</suggestedversion>
          </column>
        </gridcommanddetail>
        <interceptui>
          <ongoingapprovalmessages>
            <security>Les droits d'accès modifiés pour ce contenu sont en cours de revue. Les modifications ne peuvent pas être effectuées tant qu'elles ne sont pas approuvées ou rejetées.</security>
            <language>Les paramètres de langue modifiés pour ce contenu sont en cours de revue. Les modifications ne peuvent pas être effectuées tant qu'elles ne sont pas approuvées ou rejetées.</language>
            <moving>Les paramètres de hiérarchie modifiés pour ce contenu sont en cours de revue. Les modifications ne peuvent pas être effectuées tant qu'elles ne sont pas approuvées ou rejetées.</moving>
            <expirationdate>Les paramètres d’expiration modifiés pour ce contenu sont en cours de revue. Les modifications ne peuvent pas être effectuées tant qu'elles ne sont pas approuvées ou rejetées.</expirationdate>
            <general>Des paramètres pour ce contenu sont actuellement en cours de revue. De nouvelles modifications ne peuvent pas être effectuées tant que les modifications actuelles ne sont pas approuvées ou rejetées.</general>
          </ongoingapprovalmessages>
          <languagewaitingforapproval>Validation des paramètres de langue</languagewaitingforapproval>
          <securitywaitingforapproval>Validation des paramètres de sécurité</securitywaitingforapproval>
          <existingcommand>Des paramètres pour ce contenu sont actuellement cours de revue. De nouvelles modifications ne peuvent pas être effectuées tant que les modifications actuelles ne sont pas approuvées ou rejetées.</existingcommand>
          <changedetaillink>Modifier les détails</changedetaillink>
          <messagesentforreviewrequest>Vos modifications ont été enregistrées et envoyées pour validation. Les modifications entreront en vigueur une fois qu’elles auront été approuvées.</messagesentforreviewrequest>
          <movingcontent>
                <existingcommand>Des paramètres pour {0} sont actuellement en cours de revue. De nouvelles modifications ne peuvent pas être effectuées tant que les modifications actuelles ne sont pas approuvées ou rejetées.</existingcommand>
                <messagesentforreviewrequest>Votre demande de déplacement de {0} vers une nouvelle hiérarchie a été enregistrée et envoyée pour validation. Cette modification entrera en vigueur une fois qu’elle aura été approuvée.</messagesentforreviewrequest>
          </movingcontent>
        </interceptui>
      </changeapproval>
    </episerver>
  </language>
</languages>
