<?xml version="1.0" encoding="utf-8" ?> <languages>
  <language name="dansk" id="da">
      <changelog>
        <activitytypes>
            <changeapproval>
                <approve>Godkend</approve>
                <approvestep>Godkend trin</approvestep>
                <description>Ændringsgodkendelse</description>
                <reject>Afvis</reject>
                <rejectstep>Afvis trin</rejectstep>
            </changeapproval>
        </activitytypes>
    </changelog>
    <episerver>
      <changeapproval>
        <uinotification>
          <contentdeleted>Indholdet af denne meddelelse er blevet slettet</contentdeleted>
          <stepcountoftotalsteps>Trin {0} af {1}</stepcountoftotalsteps>
          <requestedby>Anmodet om af {0}</requestedby>
          <donothaveaccessright>{0} udførte en handling på et element, som du ikke har adgangsrettigheder til.</donothaveaccessright>
        </uinotification>
          <inreviewmessagebar>
              <securitysettingcommand>Ændrede adgangsrettigheder for dette indhold er under gennemsyn. Ændringerne kan ikke foretages, før de er blevet enten godkendt eller afvist.</securitysettingcommand>
              <languagesettingcommand>Ændrede sprogindstillinger for dette indhold er under gennemsyn. Ændringerne kan ikke foretages, før de er blevet enten godkendt eller afvist.</languagesettingcommand>
              <movingcontentcommand>Ændrede hierarkiske indstillinger for dette indhold er under gennemsyn. Ændringerne kan ikke foretages, før de er blevet enten godkendt eller afvist.</movingcontentcommand>
              <expirationdatesettingcommand>Ændrede udløbsindstillinger for dette indhold i {language} er under gennemsyn. Ændringerne kan ikke foretages, før de er blevet enten godkendt eller afvist.</expirationdatesettingcommand>
          </inreviewmessagebar>
        <decision>
          <approved>godkendt</approved>
          <declined>afvist</declined>
        </decision>
        <errormessage>
          <approvalcommandnotfound>Kommandoen blev ikke fundet.</approvalcommandnotfound>
          <approvalhaschangedstatus>Godkendelsen er ikke længere under gennemsyn. Genindlæs siden.</approvalhaschangedstatus>
          <approvalcommandinvalid>Kommandoen er ikke tilgængelig til godkendelse.</approvalcommandinvalid>
          <approvalcommentrequired>Godkendelsessekvensen kræver en kommentar.</approvalcommentrequired>
          <nochangeapprovalfound>Der blev ikke fundet et igangværende gennemsyn for dette indhold.</nochangeapprovalfound>
        </errormessage>
        <command>
          <approvechanges>
            <label>Godkend ændringer</label>
            <title>Godkend ændringer</title>
            <placeholder>Angiv en begrundelse for, at du godkender ændringerne ...</placeholder>
            <confirmactiontext>Godkend ændringer</confirmactiontext>
          </approvechanges>
          <rejectchanges>
            <label>Afvis ændringer</label>
            <title>Afvis ændringer</title>
            <placeholder>Angiv en begrundelse for, at du afviser ændringerne ...</placeholder>
            <confirmactiontext>Afvis ændringer</confirmactiontext>
          </rejectchanges>
          <forcecomplete>
            <label>Godkend hele godkendelsessekvensen</label>
            <title>Godkend hele godkendelsessekvensen</title>
            <description>Er du sikker på, at du vil godkende hele godkendelsessekvensen? Dette vil godkende alle resterende trin. Handlingen kan ikke fortrydes.</description>
            <placeholder>Angiv, hvorfor du gennemtvinger godkendelse af ændringerne ...</placeholder>
            <confirmactiontext>Godkend sekvenser</confirmactiontext>
          </forcecomplete>
          <cancel>
            <label>Annuller gennemsynsanmodning</label>
          </cancel>
        </command>
        <accesslevels>
          <NoAccess>Ingen adgang</NoAccess>
          <Read>Læs</Read>
          <Create>Opret</Create>
          <Edit>Rediger</Edit>
          <Delete>Slet</Delete>
          <Publish>Publicer</Publish>
          <Administer>Administrer</Administer>
          <FullAccess>Fuld adgang</FullAccess>
          <Undefined>Udefineret</Undefined>
        </accesslevels>
        <changeapprovalcomponent>
          <title>Ændringsgodkendelse</title>
          <description>Vis en liste over kommandoer, som kræver godkendelse.</description>
        </changeapprovalcomponent>
        <approvalcommandview>
          <description>Detaljerede oplysninger om kommandoen.</description>
          <changeapproval>Ændringsgodkendelse</changeapproval>
          <close>Luk</close>
          <donothaveaccessright>Du har ikke adgangsrettigheder til at se dette indhold.</donothaveaccessright>
          <status>
            <accepted>Ændringerne blev godkendt</accepted>
            <declined>Ændringerne blev afvist</declined>
            <canceled>Ændringerne blev annulleret</canceled>
            <pending>Under gennemsyn</pending>
            <awaitingapproval>Afventer gennemsyn af dig</awaitingapproval>
          </status>
          <titles>
            <security>Sikkerhedsændring</security>
            <language>Ændring af sprogindstillinger</language>
            <moving>Hierarkisk ændring af indhold</moving>
            <expirationdate>Ændring af udløbsdato</expirationdate>
          </titles>
          <approvalmenu>
            <label>
              <option>Indstillinger</option>
              <approve>Godkend?</approve>
            </label>
            <approvalinfo>
              <approvalmissing>Der opstod en fejl under godkendelsessekvensen. Afbryd processen og prøv igen, eller kontakt en administrator.</approvalmissing>
              <invalidcommanddata>Der opstod en fejl under godkendelsessekvensen. Annuller eller afvis processen og prøv igen, eller kontakt en administrator.</invalidcommanddata>
              <requestedby>Anmodet om af {username}, {time}</requestedby>
              <stepinfo>Du er nu i trin {activeStepIndex} af {totalsteps}</stepinfo>
              <timepassed>Under gennemsyn i: &lt;br/&gt; &lt;strong&gt;{timepassed}&lt;/strong&gt;</timepassed>
            </approvalinfo>
            <acceptedapproval>Ændringerne blev godkendt af {username}, &lt;br/&gt; {time}</acceptedapproval>
            <rejectedapproval>Ændringerne blev afvist af {username}, &lt;br/&gt; {time}</rejectedapproval>
            <lastchangestatus>Senest ændret af {username}, for &lt;br/&gt;{timepassed} siden.</lastchangestatus>
          </approvalmenu>
        </approvalcommandview>
        <languagesettingcommand>
          <yes>Ja</yes>
          <no>Nej</no>
          <none>Ingen</none>
          <inheritsettingsfromtheparentpage>Brug indstillingerne fra den overordnede side</inheritsettingsfromtheparentpage>
          <availablelanguages>Tilgængelige sprog</availablelanguages>
          <fallbacklanguages>Reservesprog</fallbacklanguages>
          <replacementlanguages>Erstatningssprog</replacementlanguages>
          <notificationmessage>
            <started>Ændringer i sprogindstillingerne afventer gennemsyn af dig</started>
            <approved>Din anmodning om at ændre sprogindstillingerne er blevet godkendt</approved>
            <rejected>Anmodningen om at ændre sprogindstillingerne er blevet afvist af {0}</rejected>
            <canceled>Gennemsynsanmodningen blev annulleret af {0}</canceled>
            <forced>Hele godkendelsessekvensen blev godkendt af {0}</forced>
            <aborted see="/episerver/changeapproval/languagesettingcommand/notificationmessage/canceled"/>
        </notificationmessage>
        </languagesettingcommand>
        <securitysettingcommand>
          <yes>Ja</yes>
          <no>Nej</no>
          <inheritsettingsfromtheparentpage>Nedarv indstillinger</inheritsettingsfromtheparentpage>
          <accessrolecontrol>Adgangskontrolliste</accessrolecontrol>
          <applytosubitems>Anvendes på alle underelementer</applytosubitems>
          <notificationmessage>
            <started>Ændringer i sikkerhedsindstillingerne afventer gennemsyn af dig</started>
            <approved>Din anmodning om at ændre sikkerhedsindstillingerne er blevet godkendt</approved>
            <rejected>Anmodningen om at ændre sikkerhedsindstillingerne er blevet afvist af {0}</rejected>
            <canceled>Gennemsynsanmodningen blev annulleret af {0}</canceled>
            <forced>Hele godkendelsessekvensen blev godkendt af {0}</forced>
            <aborted see="/episerver/changeapproval/securitysettingcommand/notificationmessage/canceled"/>
          </notificationmessage>
        </securitysettingcommand>
        <expirationdatesettingcommand>
          <pagearchivelink>Arkiver i</pagearchivelink>
          <pagestoppublish>Udløbsdato</pagestoppublish>
          <notificationmessage>
            <started>Ændringer i udløbsindstillingerne afventer gennemsyn af dig</started>
            <approved>Din anmodning om at ændre udløbsindstillingerne er blevet godkendt</approved>
            <rejected>Anmodningen om at ændre udløbsindstillingerne er blevet afvist af {0}</rejected>
            <canceled>Gennemsynsanmodningen blev annulleret af {0}</canceled>
            <forced>Hele godkendelsessekvensen blev godkendt af {0}</forced>
            <aborted see="/episerver/changeapproval/expirationdatesettingcommand/notificationmessage/canceled"/>
          </notificationmessage>
          <contentnotavailable>[Placeringen er ikke længere tilgængelig]</contentnotavailable>
        </expirationdatesettingcommand>
        <movingcontentcommand>
          <path>Sti</path>
          <notificationmessage>
            <started>En hierarkisk ændring afventer gennemsyn af dig</started>
            <approved>Din anmodning om at flytte dette element er blevet godkendt</approved>
            <rejected>Anmodningen om at flytte dette element er blevet afvist af {0}</rejected>
            <canceled>Gennemsynsanmodningen blev annulleret af {0}</canceled>
            <forced>Hele godkendelsessekvensen blev godkendt af {0}</forced>
            <aborted see="/episerver/changeapproval/movingcontentcommand/notificationmessage/canceled"/>
          </notificationmessage>
          <contentnotavailable>[Placeringen er ikke længere tilgængelig]</contentnotavailable>
        </movingcontentcommand>
        <gridcommanddetail>
          <column>
            <name>Navn</name>
            <currentversion>Nuværende version</currentversion>
            <suggestedversion>Foreslået version</suggestedversion>
          </column>
        </gridcommanddetail>
        <interceptui>
          <ongoingapprovalmessages>
            <security>Ændrede adgangsrettigheder for dette indhold er under gennemsyn. Ændringerne kan ikke foretages, før de er blevet enten godkendt eller afvist.</security>
            <language>Ændrede sprogindstillinger for dette indhold er under gennemsyn. Ændringerne kan ikke foretages, før de er blevet enten godkendt eller afvist.</language>
            <moving>Ændrede hierarkiske indstillinger for dette indhold er under gennemsyn. Ændringerne kan ikke foretages, før de er blevet enten godkendt eller afvist.</moving>
            <expirationdate>Ændrede udløbsindstillinger for dette indhold er under gennemsyn. Ændringerne kan ikke foretages, før de er blevet enten godkendt eller afvist.</expirationdate>
            <general>Indstillinger for dette indhold er i øjeblikket under gennemsyn. Der kan ikke foretages nye ændringer, før de nuværende ændringer er blevet enten godkendt eller afvist.</general>
          </ongoingapprovalmessages>
          <languagewaitingforapproval>Godkendelse af sprogindstilling</languagewaitingforapproval>
          <securitywaitingforapproval>Godkendelse af sikkerhedsindstilling</securitywaitingforapproval>
          <existingcommand>Indstillinger for dette indhold er i øjeblikket under gennemsyn. Der kan ikke foretages nye ændringer, før de nuværende ændringer er blevet enten godkendt eller afvist.</existingcommand>
          <changedetaillink>Rediger detaljer</changedetaillink>
          <messagesentforreviewrequest>Dine ændringer er blevet gemt og sendt til godkendelse. Ændringerne træder i kraft, når de er blevet godkendt.</messagesentforreviewrequest>
          <movingcontent>
                <existingcommand>Indstillinger for {0} er i øjeblikket under gennemsyn. Der kan ikke foretages nye ændringer, før de nuværende ændringer er blevet enten godkendt eller afvist.</existingcommand>
                <messagesentforreviewrequest>Din anmodning om at flytte {0} til et nyt hierarki er blevet gemt og sendt til godkendelse. Ændringen træder i kraft, når den er blevet godkendt.</messagesentforreviewrequest>
          </movingcontent>
        </interceptui>
      </changeapproval>
    </episerver>
  </language>
</languages>
