<?xml version="1.0" encoding="utf-8" ?> <languages>
  <language name="Nederlands" id="nl">
      <changelog>
        <activitytypes>
            <changeapproval>
                <approve>Goedkeuren</approve>
                <approvestep>Stap goedkeuren</approvestep>
                <description>Goedkeuring wijzigen</description>
                <reject>Afwijzen</reject>
                <rejectstep>Stap afwijzen</rejectstep>
            </changeapproval>
        </activitytypes>
    </changelog>
    <episerver>
      <changeapproval>
        <uinotification>
          <contentdeleted>De content voor deze melding is verwijderd</contentdeleted>
          <stepcountoftotalsteps>Stap {0} van {1}</stepcountoftotalsteps>
          <requestedby>Gevraagd door {0}</requestedby>
          <donothaveaccessright>{0} heeft een actie uitgevoerd op een item waar u geen toegangsrechten voor heeft.</donothaveaccessright>
        </uinotification>
          <inreviewmessagebar>
              <securitysettingcommand>Gewijzigde toegangsrechten voor deze content worden herzien. Wijzigingen kunnen pas worden doorgevoerd nadat ze zijn goedgekeurd of afgewezen.</securitysettingcommand>
              <languagesettingcommand>Gewijzigde taalinstellingen voor deze content worden herzien.  Wijzigingen kunnen pas worden doorgevoerd nadat ze zijn goedgekeurd of afgewezen.</languagesettingcommand>
              <movingcontentcommand>Gewijzigde hiërarchie-instellingen voor deze content worden herzien.  Wijzigingen kunnen pas worden doorgevoerd nadat ze zijn goedgekeurd of afgewezen.</movingcontentcommand>
              <expirationdatesettingcommand>Gewijzigde vervaldatuminstellingen voor deze content in {language} worden herzien.  Wijzigingen kunnen pas worden doorgevoerd nadat ze zijn goedgekeurd of afgewezen.</expirationdatesettingcommand>
          </inreviewmessagebar>
        <decision>
          <approved>goedgekeurd</approved>
          <declined>afgewezen</declined>
        </decision>
        <errormessage>
          <approvalcommandnotfound>Opdracht niet gevonden.</approvalcommandnotfound>
          <approvalhaschangedstatus>Deze goedkeuring wordt niet langer herzien. Laad de pagina opnieuw.</approvalhaschangedstatus>
          <approvalcommandinvalid>Deze opdracht is niet beschikbaar voor goedkeuring.</approvalcommandinvalid>
          <approvalcommentrequired>De goedkeuringsreeks moet een opmerking hebben.</approvalcommentrequired>
          <nochangeapprovalfound>Geen lopende herziening gevonden voor deze content.</nochangeapprovalfound>
        </errormessage>
        <command>
          <approvechanges>
            <label>Wijzigingen goedkeuren</label>
            <title>Wijzigingen goedkeuren</title>
            <placeholder>Motiveer waarom u de wijzigingen goedkeurt…</placeholder>
            <confirmactiontext>Wijzigingen goedkeuren</confirmactiontext>
          </approvechanges>
          <rejectchanges>
            <label>Wijzigingen afwijzen</label>
            <title>Wijzigingen afwijzen</title>
            <placeholder>Motiveer waarom u de wijzigingen afwijst…</placeholder>
            <confirmactiontext>Wijzigingen afwijzen</confirmactiontext>
          </rejectchanges>
          <forcecomplete>
            <label>Hele goedkeuringsreeks goedkeuren</label>
            <title>Hele goedkeuringsreeks goedkeuren</title>
            <description>Weet u zeker dat u de hele goedkeuringsreeks wilt goedkeuren? Hierdoor worden alle resterende stappen goedgekeurd. Deze handeling kan niet ongedaan worden gemaakt.</description>
            <placeholder>Geef aan waarom u de goedkeuring van de wijzigingen forceert…</placeholder>
            <confirmactiontext>Reeksen goedkeuren</confirmactiontext>
          </forcecomplete>
          <cancel>
            <label>Verzoek om herziening annuleren</label>
          </cancel>
        </command>
        <accesslevels>
          <NoAccess>Geen toegang</NoAccess>
          <Read>Lezen</Read>
          <Create>Aanmaken</Create>
          <Edit>Wijzigen</Edit>
          <Delete>Verwijderen</Delete>
          <Publish>Publiceren</Publish>
          <Administer>Beheren</Administer>
          <FullAccess>Volledige toegang</FullAccess>
          <Undefined>Ongedefinieerd</Undefined>
        </accesslevels>
        <changeapprovalcomponent>
          <title>Goedkeuring wijzigen</title>
          <description>Weergavelijst met opdrachten moet worden goedgekeurd.</description>
        </changeapprovalcomponent>
        <approvalcommandview>
          <description>Gedetailleerde informatie over opdracht.</description>
          <changeapproval>Goedkeuring wijzigen</changeapproval>
          <close>Sluiten</close>
          <donothaveaccessright>U heeft geen toegangsrechten om deze content te bekijken.</donothaveaccessright>
          <status>
            <accepted>Wijzigingen zijn goedgekeurd</accepted>
            <declined>Wijzigingen zijn afgewezen</declined>
            <canceled>Wijzigingen zijn geannuleerd</canceled>
            <pending>In herziening</pending>
            <awaitingapproval>In afwachting van uw herziening</awaitingapproval>
          </status>
          <titles>
            <security>Beveiligingswijziging</security>
            <language>Wijziging van taalinstellingen</language>
            <moving>Hiërarchiewijziging van content</moving>
            <expirationdate>Wijziging van vervaldatum</expirationdate>
          </titles>
          <approvalmenu>
            <label>
              <option>Opties</option>
              <approve>Goedkeuren?</approve>
            </label>
            <approvalinfo>
              <approvalmissing>Er ging iets mis met de goedkeuringsreeks. Breek de reeks af en probeer het opnieuw, of neem contact op met een beheerder.</approvalmissing>
              <invalidcommanddata>Er ging iets mis met de goedkeuringsreeks. Annuleer de reeks of wijs ze af en probeer het opnieuw, of neem contact op met een beheerder.</invalidcommanddata>
              <requestedby>Gevraagd door {username}, {time}</requestedby>
              <stepinfo>Momenteel in stap {activeStepIndex} van {totalsteps}</stepinfo>
              <timepassed>In herziening voor: &lt;br/&gt; &lt;strong&gt;{timepassed}&lt;/strong&gt;</timepassed>
            </approvalinfo>
            <acceptedapproval>Wijzigingen goedgekeurd door {username},&lt;br/&gt; {time}</acceptedapproval>
            <rejectedapproval>Wijzigingen afgewezen door {username},&lt;br/&gt; {time}</rejectedapproval>
            <lastchangestatus>Laatst gewijzigd door {username},&lt;br/&gt;{timepassed} geleden.</lastchangestatus>
          </approvalmenu>
        </approvalcommandview>
        <languagesettingcommand>
          <yes>Ja</yes>
          <no>Nee</no>
          <none>Geen</none>
          <inheritsettingsfromtheparentpage>Instellingen erven van bovenliggende pagina</inheritsettingsfromtheparentpage>
          <availablelanguages>Beschikbare talen</availablelanguages>
          <fallbacklanguages>Terugvaltalen</fallbacklanguages>
          <replacementlanguages>Vervangende talen</replacementlanguages>
          <notificationmessage>
            <started>Wijzigingen in de taalinstellingen wachten op uw herziening</started>
            <approved>Uw verzoek om de taalinstellingen te wijzigen is goedgekeurd</approved>
            <rejected>Het verzoek om de taalinstellingen te wijzigen is afgewezen door {0}</rejected>
            <canceled>Het verzoek om herziening is geannuleerd door {0}</canceled>
            <forced>De hele goedkeuringsreeks is goedgekeurd door {0}</forced>
            <aborted see="/episerver/changeapproval/languagesettingcommand/notificationmessage/canceled"/>
        </notificationmessage>
        </languagesettingcommand>
        <securitysettingcommand>
          <yes>Ja</yes>
          <no>Nee</no>
          <inheritsettingsfromtheparentpage>Instellingen erven</inheritsettingsfromtheparentpage>
          <accessrolecontrol>Toegangsbeheerlijst</accessrolecontrol>
          <applytosubitems>Toegepast op alle sub-items</applytosubitems>
          <notificationmessage>
            <started>Wijzigingen in de beveiligingsinstellingen wachten op uw herziening</started>
            <approved>Uw verzoek om de beveiligingsinstellingen te wijzigen is goedgekeurd</approved>
            <rejected>Het verzoek om de beveiligingsinstellingen te wijzigen is afgewezen door {0}</rejected>
            <canceled>Het verzoek om herziening is geannuleerd door {0}</canceled>
            <forced>De hele goedkeuringsreeks is goedgekeurd door {0}</forced>
            <aborted see="/episerver/changeapproval/securitysettingcommand/notificationmessage/canceled"/>
          </notificationmessage>
        </securitysettingcommand>
        <expirationdatesettingcommand>
          <pagearchivelink>Archiveren naar</pagearchivelink>
          <pagestoppublish>Vervaldatum</pagestoppublish>
          <notificationmessage>
            <started>Wijzigingen in de vervaldatuminstellingen wachten op uw herziening</started>
            <approved>Uw verzoek om de vervaldatuminstellingen te wijzigen is goedgekeurd</approved>
            <rejected>Het verzoek om de vervaldatuminstellingen te wijzigen is afgewezen door {0}</rejected>
            <canceled>Het verzoek om herziening is geannuleerd door {0}</canceled>
            <forced>De hele goedkeuringsreeks is goedgekeurd door {0}</forced>
            <aborted see="/episerver/changeapproval/expirationdatesettingcommand/notificationmessage/canceled"/>
          </notificationmessage>
          <contentnotavailable>[Locatie is niet langer beschikbaar]</contentnotavailable>
        </expirationdatesettingcommand>
        <movingcontentcommand>
          <path>Pad</path>
          <notificationmessage>
            <started>Een hiërarchiewijziging wacht op uw herziening</started>
            <approved>Uw verzoek om dit item te verplaatsen is goedgekeurd</approved>
            <rejected>Het verzoek om dit item te verplaatsen is afgewezen door {0}</rejected>
            <canceled>Het verzoek om herziening is geannuleerd door {0}</canceled>
            <forced>De hele goedkeuringsreeks is goedgekeurd door {0}</forced>
            <aborted see="/episerver/changeapproval/movingcontentcommand/notificationmessage/canceled"/>
          </notificationmessage>
          <contentnotavailable>[Locatie is niet langer beschikbaar]</contentnotavailable>
        </movingcontentcommand>
        <gridcommanddetail>
          <column>
            <name>Naam</name>
            <currentversion>Huidige versie</currentversion>
            <suggestedversion>Voorgestelde versie</suggestedversion>
          </column>
        </gridcommanddetail>
        <interceptui>
          <ongoingapprovalmessages>
            <security>Gewijzigde toegangsrechten voor deze content worden herzien. Wijzigingen kunnen pas worden doorgevoerd nadat ze zijn goedgekeurd of afgewezen.</security>
            <language>Gewijzigde taalinstellingen voor deze content worden herzien.  Wijzigingen kunnen pas worden doorgevoerd nadat ze zijn goedgekeurd of afgewezen.</language>
            <moving>Gewijzigde hiërarchie-instellingen voor deze content worden herzien.  Wijzigingen kunnen pas worden doorgevoerd nadat ze zijn goedgekeurd of afgewezen.</moving>
            <expirationdate>Gewijzigde vervaldatuminstellingen voor deze content worden herzien.  Wijzigingen kunnen pas worden doorgevoerd nadat ze zijn goedgekeurd of afgewezen.</expirationdate>
            <general>Instellingen voor deze content worden momenteel herzien. Nieuwe wijzigingen kunnen pas worden doorgevoerd nadat de huidige wijzigingen zijn goedgekeurd of afgewezen.</general>
          </ongoingapprovalmessages>
          <languagewaitingforapproval>Goedkeuring van taalinstelling</languagewaitingforapproval>
          <securitywaitingforapproval>Goedkeuring van beveiligingsinstelling</securitywaitingforapproval>
          <existingcommand>Instellingen voor deze content worden momenteel herzien. Nieuwe wijzigingen kunnen pas worden doorgevoerd nadat de huidige wijzigingen zijn goedgekeurd of afgewezen.</existingcommand>
          <changedetaillink>Details wijzigen</changedetaillink>
          <messagesentforreviewrequest>Uw wijzigingen zijn opgeslagen en ter goedkeuring verzonden. De wijzigingen zullen in werking treden zodra ze zijn goedgekeurd.</messagesentforreviewrequest>
          <movingcontent>
                <existingcommand>Instellingen voor {0} worden momenteel herzien. Nieuwe wijzigingen kunnen pas worden doorgevoerd nadat de huidige wijzigingen zijn goedgekeurd of afgewezen.</existingcommand>
                <messagesentforreviewrequest>Uw verzoek om {0} naar een nieuwe hiërarchie te verplaatsen is opgeslagen en ter goedkeuring verzonden. Deze wijziging zal in werking treden zodra ze is goedgekeurd.</messagesentforreviewrequest>
          </movingcontent>
        </interceptui>
      </changeapproval>
    </episerver>
  </language>
</languages>
